epoch,steps,cosine_pearson,cosine_spearman
,0,0.3607233813347164,0.5223426349785057
,0,0.7372142557329914,0.7581291730279394
,0,0.7372142557329914,0.7581291730279394
,0,0.7372142557329914,0.7581291730279394
,0,0.3607233813347164,0.5223426349785057
,0,0.7372142557329914,0.7581291730279394
,0,0.3607233813347164,0.5223426349785057
