epoch,steps,cosine_pearson,cosine_spearman
,0,0.12850498333708454,0.13417707572131005
,0,0.1719679940242837,0.1289281408163957
,0,0.1719679940242837,0.1289281408163957
,0,0.1719679940242837,0.1289281408163957
,0,0.12850498333708454,0.13417707572131005
,0,0.1719679940242837,0.1289281408163957
,0,0.12850498333708454,0.13417707572131005
