epoch,steps,cosine_pearson,cosine_spearman
,0,0.3034736859893272,0.41535823542678046
,0,0.5915047326297416,0.623418131586078
,0,0.5915047326297416,0.623418131586078
,0,0.5915047326297416,0.623418131586078
,0,0.3034736859893272,0.41535823542678046
,0,0.5915047326297416,0.623418131586078
,0,0.3034736859893272,0.41535823542678046
